{"tasks": {"祷告": {"开始祷告": {"input": [{"isRequired": 0, "refName": "#祷告#", "name": "祷告", "entity": "祷告"}], "output": {"dataFrom": "empty", "widgetName": "default", "response": [{"nextIntent": [], "runSequence": "nlgFirst", "command": "local_music_pray?pray=#祷告#", "nlg": [], "recommendations": [], "condition": [{"opt": "always", "param": "", "val": []}]}], "duiWidget": "text"}, "error": {"asrEmpty": {"errType": "default", "errMsg": [{"slot": 0, "content": [{"text": "我听不懂你说什么，可以换个说法吗"}]}]}, "nluEmpty": {"errType": "default", "errMsg": [{"slot": 0, "content": [{"text": "我听不懂你说什么，可以换个说法吗"}]}]}}}, "搜索祷告歌曲": {"input": [{"isRequired": 0, "refName": "#praysong#", "name": "praysong", "entity": "praysong"}], "output": {"dataFrom": "empty", "widgetName": "default", "response": [{"nextIntent": [], "runSequence": "nlgFirst", "command": "local_music_pray_search?title=#praysong#", "nlg": [], "recommendations": [], "condition": [{"opt": "always", "param": "", "val": []}]}], "duiWidget": "text"}, "error": {"asrEmpty": {"errType": "default", "errMsg": [{"slot": 0, "content": [{"text": "我听不懂你说什么，可以换个说法吗"}]}]}, "nluEmpty": {"errType": "default", "errMsg": [{"slot": 0, "content": [{"text": "我听不懂你说什么，可以换个说法吗"}]}]}}}}, "播放控制": {"控制": {"input": [{"isRequired": 0, "refName": "#playstate#", "name": "playstate", "entity": "playstate"}], "output": {"dataFrom": "empty", "widgetName": "default", "response": [{"nextIntent": [], "runSequence": "nlgFirst", "command": "local_music_control?state=#playstate#", "nlg": [{"slot": 0, "content": [{"text": "知道了"}, {"text": "好的"}]}], "recommendations": [], "condition": [{"opt": "always", "param": "", "val": []}]}], "duiWidget": "text"}, "error": {"asrEmpty": {"errType": "default", "errMsg": [{"slot": 0, "content": [{"text": "我听不懂你说什么，可以换个说法吗"}]}]}, "nluEmpty": {"errType": "default", "errMsg": [{"slot": 0, "content": [{"text": "我听不懂你说什么，可以换个说法吗"}]}]}}}, "播放": {"input": [{"isRequired": 0, "refName": "#localsong#", "name": "localsong", "entity": "localsong"}, {"isRequired": 0, "refName": "#sys.技能操作词#", "name": "sys.技能操作词", "entity": "sys.技能操作词"}, {"isRequired": 0, "refName": "#sys.技能调用名#", "name": "sys.技能调用名", "entity": "sys.技能调用名"}, {"isRequired": 0, "refName": "#sys.技能输入#", "name": "sys.技能输入", "entity": "sys.any任意文本"}], "output": {"dataFrom": "empty", "widgetName": "default", "response": [{"nextIntent": [], "runSequence": "nlgFirst", "command": "local_music_play?display_name=#localsong#", "nlg": [{"slot": 1, "content": [{"text": "请欣赏#localsong#"}, {"text": "为你播放#localsong#"}, {"text": "马上为您播放#localsong#"}]}], "recommendations": [], "condition": [{"opt": "always", "param": "", "val": []}]}], "duiWidget": "text"}, "error": {"asrEmpty": {"errType": "default", "errMsg": [{"slot": 0, "content": [{"text": "我听不懂你说什么，可以换个说法吗"}]}]}, "nluEmpty": {"errType": "default", "errMsg": [{"slot": 0, "content": [{"text": "我听不懂你说什么，可以换个说法吗"}]}]}}}}}, "config": {"isFallback": false}}