{"tasks": {"桌面": {"退出桌面": {"input": [], "output": {"dataFrom": "empty", "widgetName": "default", "response": [{"nextIntent": [], "runSequence": "nlgFirst", "command": "settings.desktop.exit", "nlg": [{"slot": 0, "content": [{"text": "好的，这就帮您退回到桌面。"}]}], "recommendations": [], "condition": [{"opt": "always", "param": "", "val": []}]}], "duiWidget": "text"}, "error": {"asrEmpty": {"errType": "default", "errMsg": []}, "nluEmpty": {"errType": "default", "errMsg": []}}}, "打开桌面设置": {"input": [], "output": {"dataFrom": "empty", "widgetName": "default", "response": [{"nextIntent": [], "runSequence": "nlgFirst", "command": "settings.desktop.open", "nlg": [], "recommendations": [], "condition": [{"opt": "always", "param": "", "val": []}]}], "duiWidget": "text"}, "error": {"asrEmpty": {"errType": "default", "errMsg": []}, "nluEmpty": {"errType": "default", "errMsg": []}}}, "重启桌面": {"input": [], "output": {"dataFrom": "empty", "widgetName": "default", "response": [{"nextIntent": [], "runSequence": "nlgFirst", "command": "settings.desktop.restart", "nlg": [], "recommendations": [], "condition": [{"opt": "always", "param": "", "val": []}]}], "duiWidget": "text"}, "error": {"asrEmpty": {"errType": "default", "errMsg": []}, "nluEmpty": {"errType": "default", "errMsg": []}}}, "切换划屏特效": {"input": [], "output": {"dataFrom": "empty", "widgetName": "default", "response": [{"nextIntent": [], "runSequence": "nlgFirst", "command": "settings.ui.switch.effect", "nlg": [], "recommendations": [], "condition": [{"opt": "always", "param": "", "val": []}]}], "duiWidget": "text"}, "error": {"asrEmpty": {"errType": "default", "errMsg": []}, "nluEmpty": {"errType": "default", "errMsg": []}}}, "更换桌面主题": {"input": [], "output": {"dataFrom": "empty", "widgetName": "default", "response": [{"nextIntent": [], "runSequence": "nlgFirst", "command": "settings.theme.change", "nlg": [], "recommendations": [], "condition": [{"opt": "always", "param": "", "val": []}]}], "duiWidget": "text"}, "error": {"asrEmpty": {"errType": "default", "errMsg": []}, "nluEmpty": {"errType": "default", "errMsg": []}}}}, "WIFI": {"打开WIFI": {"input": [], "output": {"widgetName": "widget_toggle", "param": {"intent": "打开WIFI", "duiWidget": "custom"}, "dataFrom": "native", "api": "settings.wifi.open", "duiWidget": "custom", "response": [{"nextIntent": [], "runSequence": "nlgFirst", "command": "", "nlg": [{"slot": 0, "content": [{"text": "已为您打开WIFI"}]}], "recommendations": [], "condition": [{"opt": "equal", "param": "$extra.settings_status$", "val": ["1"]}]}, {"nextIntent": [], "runSequence": "nlgFirst", "command": "", "nlg": [{"slot": 0, "content": [{"text": "打开失败，我会尽快适配该机型"}]}], "recommendations": [], "condition": [{"opt": "equal", "param": "$extra.settings_status$", "val": ["0"]}]}, {"nextIntent": [], "runSequence": "nlgFirst", "command": "", "nlg": [{"slot": 0, "content": [{"text": "已为您打开WIFI"}]}], "recommendations": [], "condition": [{"opt": "always", "param": "", "val": []}]}]}, "error": {"asrEmpty": {"errType": "default", "errMsg": [{"slot": 0, "content": [{"text": "我听不懂你说什么，可以换个说法吗"}]}]}, "nluEmpty": {"errType": "default", "errMsg": [{"slot": 0, "content": [{"text": "我听不懂你说什么，可以换个说法吗"}]}]}}}, "关闭WIFI": {"input": [], "output": {"widgetName": "widget_toggle", "param": {"intent": "关闭WIFI", "duiWidget": "custom"}, "dataFrom": "native", "api": "settings.wifi.close", "duiWidget": "custom", "response": [{"nextIntent": [], "runSequence": "nlgFirst", "command": "", "nlg": [{"slot": 0, "content": [{"text": "已为您关闭WIFI"}]}], "recommendations": [], "condition": [{"opt": "equal", "param": "$extra.settings_status$", "val": ["1"]}]}, {"nextIntent": [], "runSequence": "nlgFirst", "command": "", "nlg": [{"slot": 0, "content": [{"text": "关闭失败，我会尽快适配该机型"}]}], "recommendations": [], "condition": [{"opt": "equal", "param": "$extra.settings_status$", "val": ["0"]}]}, {"nextIntent": [], "runSequence": "nlgFirst", "command": "", "nlg": [{"slot": 0, "content": [{"text": "已为您关闭WIFI"}]}], "recommendations": [], "condition": [{"opt": "always", "param": "", "val": []}]}]}, "error": {"asrEmpty": {"errType": "default", "errMsg": []}, "nluEmpty": {"errType": "default", "errMsg": []}}}}, "蓝牙": {"关闭蓝牙": {"input": [], "output": {"widgetName": "widget_toggle", "param": {"intent": "关闭蓝牙", "duiWidget": "custom"}, "dataFrom": "native", "api": "settings.bluetooth.close", "duiWidget": "custom", "response": [{"nextIntent": [], "runSequence": "nlgFirst", "command": "", "nlg": [{"slot": 0, "content": [{"text": "已为您关闭蓝牙"}]}], "recommendations": [], "condition": [{"opt": "equal", "param": "$extra.settings_status$", "val": ["1"]}]}, {"nextIntent": [], "runSequence": "nlgFirst", "command": "", "nlg": [{"slot": 0, "content": [{"text": "蓝牙已经关闭了啦"}]}], "recommendations": [], "condition": [{"opt": "equal", "param": "$extra.settings_status$", "val": ["0"]}]}, {"nextIntent": [], "runSequence": "nlgFirst", "command": "", "nlg": [{"slot": 0, "content": [{"text": "关闭蓝牙失败，我会尽快适配该机型"}]}], "recommendations": [], "condition": [{"opt": "equal", "param": "$extra.settings_status$", "val": ["2"]}]}, {"nextIntent": [], "runSequence": "nlgFirst", "command": "", "nlg": [{"slot": 0, "content": [{"text": "当前设备不支持蓝牙"}]}], "recommendations": [], "condition": [{"opt": "equal", "param": "$extra.settings_status$", "val": ["-1"]}]}, {"nextIntent": [], "runSequence": "nlgFirst", "command": "", "nlg": [{"slot": 0, "content": [{"text": "已为您关闭蓝牙"}]}], "recommendations": [], "condition": [{"opt": "always", "param": "", "val": []}]}]}, "error": {"asrEmpty": {"errType": "default", "errMsg": []}, "nluEmpty": {"errType": "default", "errMsg": []}}}, "查询蓝牙状态": {"input": [], "output": {"widgetName": "widget_toggle", "param": {"intent": "查询蓝牙状态", "duiWidget": "custom"}, "dataFrom": "native", "api": "settings.bluetoothstatus.get", "duiWidget": "custom", "response": [{"nextIntent": [], "runSequence": "nlgFirst", "command": "", "nlg": [{"slot": 0, "content": [{"text": "当前蓝牙已打开"}]}], "recommendations": [], "condition": [{"opt": "equal", "param": "$extra.settings_status$", "val": ["1"]}]}, {"nextIntent": [], "runSequence": "nlgFirst", "command": "", "nlg": [{"slot": 0, "content": [{"text": "当前蓝牙已关闭"}]}], "recommendations": [], "condition": [{"opt": "equal", "param": "$extra.settings_status$", "val": ["0"]}]}, {"nextIntent": [], "runSequence": "nlgFirst", "command": "", "nlg": [{"slot": 0, "content": [{"text": "当前设备不支持蓝牙"}]}], "recommendations": [], "condition": [{"opt": "equal", "param": "$extra.settings_status$", "val": ["-1"]}]}, {"nextIntent": [], "runSequence": "nlgFirst", "command": "", "nlg": [], "recommendations": [], "condition": [{"opt": "always", "param": "", "val": []}]}]}, "error": {"asrEmpty": {"errType": "default", "errMsg": []}, "nluEmpty": {"errType": "default", "errMsg": []}}}, "打开蓝牙": {"input": [], "output": {"widgetName": "widget_toggle", "param": {"intent": "打开蓝牙", "duiWidget": "custom"}, "dataFrom": "native", "api": "settings.bluetooth.open", "duiWidget": "custom", "response": [{"nextIntent": [], "runSequence": "nlgFirst", "command": "", "nlg": [{"slot": 0, "content": [{"text": "已为您打开蓝牙"}]}], "recommendations": [], "condition": [{"opt": "equal", "param": "$extra.settings_status$", "val": ["1"]}]}, {"nextIntent": [], "runSequence": "nlgFirst", "command": "", "nlg": [{"slot": 0, "content": [{"text": "蓝牙已经打开了啦"}]}], "recommendations": [], "condition": [{"opt": "equal", "param": "$extra.settings_status$", "val": ["0"]}]}, {"nextIntent": [], "runSequence": "nlgFirst", "command": "", "nlg": [{"slot": 0, "content": [{"text": "打开蓝牙失败，我会尽快适配该机型"}]}], "recommendations": [], "condition": [{"opt": "equal", "param": "$extra.settings_status$", "val": ["2"]}]}, {"nextIntent": [], "runSequence": "nlgFirst", "command": "", "nlg": [{"slot": 0, "content": [{"text": "当前设备不支持蓝牙"}]}], "recommendations": [], "condition": [{"opt": "equal", "param": "$extra.settings_status$", "val": ["-1"]}]}, {"nextIntent": [], "runSequence": "nlgFirst", "command": "", "nlg": [{"slot": 0, "content": [{"text": "已为您打开蓝牙"}]}], "recommendations": [], "condition": [{"opt": "always", "param": "", "val": []}]}]}, "error": {"asrEmpty": {"errType": "default", "errMsg": []}, "nluEmpty": {"errType": "default", "errMsg": []}}}}, "手电筒": {"打开手电筒": {"input": [], "output": {"widgetName": "widget_toggle", "param": {"intent": "打开手电筒", "duiWidget": "custom"}, "dataFrom": "native", "api": "settings.flashlight.open", "duiWidget": "custom", "response": [{"nextIntent": [], "runSequence": "nlgFirst", "command": "", "nlg": [{"slot": 0, "content": [{"text": "手电筒已打开"}]}], "recommendations": [], "condition": [{"opt": "always", "param": "", "val": []}]}]}, "error": {"asrEmpty": {"errType": "default", "errMsg": []}, "nluEmpty": {"errType": "default", "errMsg": []}}}, "关闭手电筒": {"input": [], "output": {"widgetName": "widget_toggle", "param": {"intent": "关闭手电筒", "duiWidget": "custom"}, "dataFrom": "native", "api": "settings.flashlight.close", "duiWidget": "custom", "response": [{"nextIntent": [], "runSequence": "nlgFirst", "command": "", "nlg": [{"slot": 0, "content": [{"text": "手电筒已关闭"}]}], "recommendations": [], "condition": [{"opt": "always", "param": "", "val": []}]}]}, "error": {"asrEmpty": {"errType": "default", "errMsg": []}, "nluEmpty": {"errType": "default", "errMsg": []}}}}, "模式": {"打开USB模式": {"input": [], "output": {"dataFrom": "empty", "widgetName": "default", "response": [{"nextIntent": [], "runSequence": "nlgFirst", "command": "settings.usbmode.open", "nlg": [], "recommendations": [], "condition": [{"opt": "always", "param": "", "val": []}]}], "duiWidget": "text"}, "error": {"asrEmpty": {"errType": "default", "errMsg": []}, "nluEmpty": {"errType": "default", "errMsg": []}}}, "打开飞行模式": {"input": [], "output": {"dataFrom": "empty", "widgetName": "default", "response": [{"nextIntent": [], "runSequence": "nlgFirst", "command": "settings.flymode.open", "nlg": [], "recommendations": [], "condition": [{"opt": "always", "param": "", "val": []}]}], "duiWidget": "text"}, "error": {"asrEmpty": {"errType": "default", "errMsg": []}, "nluEmpty": {"errType": "default", "errMsg": []}}}, "打开静音模式": {"input": [], "output": {"widgetName": "widght_progressbar", "param": {"intent": "打开静音模式", "duiWidget": "custom"}, "dataFrom": "native", "api": "settings.mutemode.open", "duiWidget": "custom", "response": [{"nextIntent": [], "runSequence": "nlgFirst", "command": "", "nlg": [{"slot": 0, "content": [{"text": "好的，静音模式已打开"}]}], "recommendations": [], "condition": [{"opt": "always", "param": "", "val": []}]}]}, "error": {"asrEmpty": {"errType": "default", "errMsg": []}, "nluEmpty": {"errType": "default", "errMsg": []}}}, "关闭USB模式": {"input": [], "output": {"dataFrom": "empty", "widgetName": "default", "response": [{"nextIntent": [], "runSequence": "nlgFirst", "command": "settings.usbmode.close", "nlg": [], "recommendations": [], "condition": [{"opt": "always", "param": "", "val": []}]}], "duiWidget": "text"}, "error": {"asrEmpty": {"errType": "default", "errMsg": []}, "nluEmpty": {"errType": "default", "errMsg": []}}}, "打开振动模式": {"input": [], "output": {"dataFrom": "empty", "widgetName": "default", "response": [{"nextIntent": [], "runSequence": "nlgFirst", "command": "settings.vibratemode.open", "nlg": [{"slot": 0, "content": [{"text": "好的，振动模式已打开"}]}], "recommendations": [], "condition": [{"opt": "always", "param": "", "val": []}]}], "duiWidget": "text"}, "error": {"asrEmpty": {"errType": "default", "errMsg": []}, "nluEmpty": {"errType": "default", "errMsg": []}}}, "关闭飞行模式": {"input": [], "output": {"dataFrom": "empty", "widgetName": "default", "response": [{"nextIntent": [], "runSequence": "nlgFirst", "command": "settings.flymode.close", "nlg": [], "recommendations": [], "condition": [{"opt": "always", "param": "", "val": []}]}], "duiWidget": "text"}, "error": {"asrEmpty": {"errType": "default", "errMsg": []}, "nluEmpty": {"errType": "default", "errMsg": []}}}, "关闭静音模式": {"input": [], "output": {"widgetName": "widght_progressbar", "param": {"intent": "关闭静音模式", "duiWidget": "custom"}, "dataFrom": "native", "api": "settings.mutemode.close", "duiWidget": "custom", "response": [{"nextIntent": [], "runSequence": "nlgFirst", "command": "", "nlg": [{"slot": 0, "content": [{"text": "好的，静音模式已关闭"}]}], "recommendations": [], "condition": [{"opt": "always", "param": "", "val": []}]}]}, "error": {"asrEmpty": {"errType": "default", "errMsg": [{"slot": 0, "content": [{"text": "我听不懂你说什么，可以换个说法吗"}]}]}, "nluEmpty": {"errType": "default", "errMsg": [{"slot": 0, "content": [{"text": "我听不懂你说什么，可以换个说法吗"}]}]}}}}, "照相": {"自拍": {"input": [], "output": {"dataFrom": "empty", "widgetName": "default", "response": [{"nextIntent": [], "runSequence": "nlgFirst", "command": "settings.autodyne", "nlg": [], "recommendations": [], "condition": [{"opt": "always", "param": "", "val": []}]}], "duiWidget": "text"}, "error": {"asrEmpty": {"errType": "default", "errMsg": []}, "nluEmpty": {"errType": "default", "errMsg": []}}}, "拍照": {"input": [], "output": {"dataFrom": "empty", "widgetName": "default", "response": [{"nextIntent": [], "runSequence": "nlgFirst", "command": "settings.take.photos", "nlg": [], "recommendations": [], "condition": [{"opt": "always", "param": "", "val": []}]}], "duiWidget": "text"}, "error": {"asrEmpty": {"errType": "default", "errMsg": []}, "nluEmpty": {"errType": "default", "errMsg": []}}}}, "屏幕亮度": {"提高屏幕亮度": {"input": [], "output": {"widgetName": "widght_progressbar", "param": {"intent": "提高屏幕亮度", "duiWidget": "custom"}, "dataFrom": "native", "api": "settings.screen.brightness.inc", "duiWidget": "custom", "response": [{"nextIntent": [], "runSequence": "nlgFirst", "command": "", "nlg": [{"slot": 0, "content": [{"text": "屏幕亮度已提高"}]}], "recommendations": [], "condition": [{"opt": "equal", "param": "$extra.settings_screen_brightness_status$", "val": ["2"]}]}, {"nextIntent": [], "runSequence": "nlgFirst", "command": "", "nlg": [{"slot": 0, "content": [{"text": "屏幕亮度已提至最高"}]}], "recommendations": [], "condition": [{"opt": "equal", "param": "$extra.settings_screen_brightness_status$", "val": ["1"]}]}, {"nextIntent": [], "runSequence": "nlgFirst", "command": "", "nlg": [{"slot": 0, "content": [{"text": "抱歉，屏幕亮度提高失败"}]}], "recommendations": [], "condition": [{"opt": "equal", "param": "$extra.settings_screen_brightness_status$", "val": ["-1"]}]}, {"nextIntent": [], "runSequence": "nlgFirst", "command": "", "nlg": [{"slot": 0, "content": [{"text": "屏幕亮度已提高"}]}], "recommendations": [], "condition": [{"opt": "always", "param": "", "val": []}]}]}, "error": {"asrEmpty": {"errType": "default", "errMsg": []}, "nluEmpty": {"errType": "default", "errMsg": []}}}, "调到最亮": {"input": [], "output": {"widgetName": "widght_progressbar", "param": {"duiWidget": "custom", "intent": "调到最亮", "brightness": "1000"}, "dataFrom": "native", "api": "settings.screen.brightness.set", "duiWidget": "custom", "response": [{"nextIntent": [], "runSequence": "nlgFirst", "command": "", "nlg": [{"slot": 0, "content": [{"text": "屏幕亮度已调至最高"}]}], "recommendations": [], "condition": [{"opt": "equal", "param": "$extra.settings_screen_brightness_status$", "val": ["1"]}]}, {"nextIntent": [], "runSequence": "nlgFirst", "command": "", "nlg": [{"slot": 0, "content": [{"text": "抱歉，屏幕亮度调节失败"}]}], "recommendations": [], "condition": [{"opt": "equal", "param": "$extra.settings_screen_brightness_status$", "val": ["-1"]}]}, {"nextIntent": [], "runSequence": "nlgFirst", "command": "", "nlg": [{"slot": 0, "content": [{"text": "屏幕亮度已调至最高"}]}], "recommendations": [], "condition": [{"opt": "always", "param": "", "val": []}]}]}, "error": {"asrEmpty": {"errType": "default", "errMsg": []}, "nluEmpty": {"errType": "default", "errMsg": []}}}, "调到最暗": {"input": [], "output": {"widgetName": "widght_progressbar", "param": {"duiWidget": "custom", "intent": "调到最暗", "brightness": "0"}, "dataFrom": "native", "api": "settings.screen.brightness.set", "duiWidget": "custom", "response": [{"nextIntent": [], "runSequence": "nlgFirst", "command": "", "nlg": [{"slot": 0, "content": [{"text": "抱歉，屏幕亮度调节失败"}]}], "recommendations": [], "condition": [{"opt": "equal", "param": "settings_screen_brightness_status", "val": ["-1"]}]}, {"nextIntent": [], "runSequence": "nlgFirst", "command": "", "nlg": [{"slot": 0, "content": [{"text": "屏幕亮度已调至最低"}]}], "recommendations": [], "condition": [{"opt": "equal", "param": "settings_screen_brightness_status", "val": ["0"]}]}, {"nextIntent": [], "runSequence": "nlgFirst", "command": "", "nlg": [{"slot": 0, "content": [{"text": "屏幕亮度已调至最低"}]}], "recommendations": [], "condition": [{"opt": "always", "param": "", "val": []}]}]}, "error": {"asrEmpty": {"errType": "default", "errMsg": []}, "nluEmpty": {"errType": "default", "errMsg": []}}}, "设置屏幕亮度": {"input": [{"isRequired": 0, "refName": "#整数#", "name": "整数", "entity": "sys.整数"}], "output": {"widgetName": "widght_progressbar", "param": {"duiWidget": "custom", "intent": "设置屏幕亮度", "brightness": "#整数#"}, "dataFrom": "native", "api": "settings.screen.brightness.set", "duiWidget": "custom", "response": [{"nextIntent": [], "runSequence": "nlgFirst", "command": "", "nlg": [{"slot": 0, "content": [{"text": "屏幕亮度已设置"}]}], "recommendations": [], "condition": [{"opt": "equal", "param": "$extra.settings_screen_brightness_status$", "val": ["2"]}]}, {"nextIntent": [], "runSequence": "nlgFirst", "command": "", "nlg": [{"slot": 0, "content": [{"text": "屏幕亮度已经最高了"}]}], "recommendations": [], "condition": [{"opt": "equal", "param": "$extra.settings_screen_brightness_status$", "val": ["1"]}]}, {"nextIntent": [], "runSequence": "nlgFirst", "command": "", "nlg": [{"slot": 0, "content": [{"text": "屏幕亮度已经最低了"}]}], "recommendations": [], "condition": [{"opt": "equal", "param": "$extra.settings_screen_brightness_status$", "val": ["0"]}]}, {"nextIntent": [], "runSequence": "nlgFirst", "command": "", "nlg": [{"slot": 0, "content": [{"text": "抱歉，暂时无法设置亮度"}]}], "recommendations": [], "condition": [{"opt": "equal", "param": "$extra.settings_screen_brightness_status$", "val": ["-1"]}]}, {"nextIntent": [], "runSequence": "nlgFirst", "command": "", "nlg": [{"slot": 0, "content": [{"text": "屏幕亮度已设置"}]}], "recommendations": [], "condition": [{"opt": "always", "param": "", "val": []}]}]}, "error": {"asrEmpty": {"errType": "default", "errMsg": []}, "nluEmpty": {"errType": "default", "errMsg": []}}}, "降低屏幕亮度": {"input": [], "output": {"widgetName": "widght_progressbar", "param": {"intent": "降低屏幕亮度", "duiWidget": "custom"}, "dataFrom": "native", "api": "settings.screen.brightness.dec", "duiWidget": "custom", "response": [{"nextIntent": [], "runSequence": "nlgFirst", "command": "", "nlg": [{"slot": 0, "content": [{"text": "屏幕亮度已调低"}]}], "recommendations": [], "condition": [{"opt": "equal", "param": "$extra.settings_screen_brightness_status$", "val": ["2"]}]}, {"nextIntent": [], "runSequence": "nlgFirst", "command": "", "nlg": [{"slot": 0, "content": [{"text": "屏幕亮度已调至最低"}]}], "recommendations": [], "condition": [{"opt": "equal", "param": "$extra.settings_screen_brightness_status$", "val": ["0"]}]}, {"nextIntent": [], "runSequence": "nlgFirst", "command": "", "nlg": [{"slot": 0, "content": [{"text": "抱歉，屏幕亮度降低失败"}]}], "recommendations": [], "condition": [{"opt": "equal", "param": "$extra.settings_screen_brightness_status$", "val": ["-1"]}]}, {"nextIntent": [], "runSequence": "nlgFirst", "command": "", "nlg": [{"slot": 0, "content": [{"text": "屏幕亮度已调低"}]}], "recommendations": [], "condition": [{"opt": "always", "param": "", "val": []}]}]}, "error": {"asrEmpty": {"errType": "default", "errMsg": []}, "nluEmpty": {"errType": "default", "errMsg": []}}}}, "高级设置": {"打开系统设置": {"input": [], "output": {"dataFrom": "empty", "widgetName": "default", "response": [{"nextIntent": [], "runSequence": "nlgFirst", "command": "settings.system.open", "nlg": [], "recommendations": [], "condition": [{"opt": "always", "param": "", "val": []}]}], "duiWidget": "text"}, "error": {"asrEmpty": {"errType": "default", "errMsg": []}, "nluEmpty": {"errType": "default", "errMsg": []}}}, "打开应用列表设置": {"input": [], "output": {"dataFrom": "empty", "widgetName": "default", "response": [{"nextIntent": [], "runSequence": "nlgFirst", "command": "settings.applist", "nlg": [], "recommendations": [], "condition": [{"opt": "always", "param": "", "val": []}]}], "duiWidget": "text"}, "error": {"asrEmpty": {"errType": "default", "errMsg": []}, "nluEmpty": {"errType": "default", "errMsg": []}}}, "同步账户开": {"input": [], "output": {"dataFrom": "empty", "widgetName": "default", "response": [{"nextIntent": [], "runSequence": "nlgFirst", "command": "settings.account.sync.open", "nlg": [], "recommendations": [], "condition": [{"opt": "always", "param": "", "val": []}]}], "duiWidget": "text"}, "error": {"asrEmpty": {"errType": "default", "errMsg": []}, "nluEmpty": {"errType": "default", "errMsg": []}}}, "同步账户关": {"input": [], "output": {"dataFrom": "empty", "widgetName": "default", "response": [{"nextIntent": [], "runSequence": "nlgFirst", "command": "settings.account.sync.close", "nlg": [], "recommendations": [], "condition": [{"opt": "always", "param": "", "val": []}]}], "duiWidget": "text"}, "error": {"asrEmpty": {"errType": "default", "errMsg": []}, "nluEmpty": {"errType": "default", "errMsg": []}}}, "打开个人中心": {"input": [], "output": {"dataFrom": "empty", "widgetName": "default", "response": [{"nextIntent": [], "runSequence": "nlgFirst", "command": "settings.personal.open", "nlg": [], "recommendations": [], "condition": [{"opt": "always", "param": "", "val": []}]}], "duiWidget": "text"}, "error": {"asrEmpty": {"errType": "default", "errMsg": []}, "nluEmpty": {"errType": "default", "errMsg": []}}}}, "音量": {"提高音量": {"input": [{"isRequired": 0, "refName": "#sys.技能操作词#", "name": "sys.技能操作词", "entity": "sys.技能操作词"}, {"isRequired": 0, "refName": "#sys.技能调用名#", "name": "sys.技能调用名", "entity": "sys.技能调用名"}, {"isRequired": 0, "refName": "#sys.技能输入#", "name": "sys.技能输入", "entity": "sys.any任意文本"}], "output": {"widgetName": "widght_progressbar", "param": {"intent": "提高音量", "duiWidget": "custom"}, "dataFrom": "native", "api": "settings.volume.inc", "duiWidget": "custom", "response": [{"nextIntent": [], "runSequence": "nlgFirst", "command": "", "nlg": [{"slot": 0, "content": [{"text": "好，我提高了音量"}]}], "recommendations": [], "condition": [{"opt": "equal", "param": "$extra.settings_volume_status$", "val": ["0"]}]}, {"nextIntent": [], "runSequence": "nlgFirst", "command": "", "nlg": [{"slot": 0, "content": [{"text": "音量已最大"}]}], "recommendations": [], "condition": [{"opt": "equal", "param": "$extra.settings_volume_status$", "val": ["1"]}]}, {"nextIntent": [], "runSequence": "nlgFirst", "command": "", "nlg": [], "recommendations": [], "condition": [{"opt": "always", "param": "", "val": []}]}]}, "error": {"asrEmpty": {"errType": "default", "errMsg": []}, "nluEmpty": {"errType": "default", "errMsg": []}}}, "降低音量": {"input": [], "output": {"widgetName": "widght_progressbar", "param": {"intent": "降低音量", "duiWidget": "custom"}, "dataFrom": "native", "api": "settings.volume.dec", "duiWidget": "custom", "response": [{"nextIntent": [], "runSequence": "nlgFirst", "command": "", "nlg": [{"slot": 0, "content": [{"text": "好，我降低了音量"}]}], "recommendations": [], "condition": [{"opt": "equal", "param": "$extra.settings_volume_status$", "val": ["0"]}]}, {"nextIntent": [], "runSequence": "nlgFirst", "command": "", "nlg": [{"slot": 0, "content": [{"text": "音量已最低"}]}], "recommendations": [], "condition": [{"opt": "equal", "param": "$extra.settings_volume_status$", "val": ["1"]}]}, {"nextIntent": [], "runSequence": "nlgFirst", "command": "", "nlg": [], "recommendations": [], "condition": [{"opt": "always", "param": "", "val": []}]}]}, "error": {"asrEmpty": {"errType": "default", "errMsg": []}, "nluEmpty": {"errType": "default", "errMsg": []}}}, "音量调到最大": {"input": [], "output": {"widgetName": "widght_progressbar", "param": {"volume": "100", "intent": "音量调到最大", "duiWidget": "custom"}, "dataFrom": "native", "api": "settings.volume.set", "duiWidget": "custom", "response": [{"nextIntent": [], "runSequence": "nlgFirst", "command": "", "nlg": [{"slot": 0, "content": [{"text": "音量已调到最大"}]}], "recommendations": [], "condition": [{"opt": "equal", "param": "$extra.settings_volume_status$", "val": ["2"]}]}, {"nextIntent": [], "runSequence": "nlgFirst", "command": "", "nlg": [], "recommendations": [], "condition": [{"opt": "always", "param": "", "val": []}]}]}, "error": {"asrEmpty": {"errType": "default", "errMsg": []}, "nluEmpty": {"errType": "default", "errMsg": []}}}, "设置音量": {"input": [{"isRequired": 0, "refName": "#整数#", "name": "整数", "entity": "sys.整数"}], "output": {"widgetName": "widght_progressbar", "param": {"volume": "#整数#", "intent": "设置音量", "duiWidget": "custom"}, "dataFrom": "native", "api": "settings.volume.set", "duiWidget": "custom", "response": [{"nextIntent": [], "runSequence": "nlgFirst", "command": "", "nlg": [{"slot": 0, "content": [{"text": "音量已设置到最高"}]}], "recommendations": [], "condition": [{"opt": "equal", "param": "$extra.settings_volume_status$", "val": ["2"]}]}, {"nextIntent": [], "runSequence": "nlgFirst", "command": "", "nlg": [{"slot": 0, "content": [{"text": "好，我已经设置了音量"}]}], "recommendations": [], "condition": [{"opt": "equal", "param": "$extra.settings_volume_status$", "val": ["1"]}]}, {"nextIntent": [], "runSequence": "nlgFirst", "command": "", "nlg": [{"slot": 0, "content": [{"text": "音量已设置到最低"}]}], "recommendations": [], "condition": [{"opt": "equal", "param": "$extra.settings_volume_status$", "val": ["0"]}]}, {"nextIntent": [], "runSequence": "nlgFirst", "command": "", "nlg": [{"slot": 0, "content": [{"text": "抱歉，暂时无法调整音量"}]}], "recommendations": [], "condition": [{"opt": "equal", "param": "$extra.settings_volume_status$", "val": ["-1"]}]}, {"nextIntent": [], "runSequence": "nlgFirst", "command": "", "nlg": [], "recommendations": [], "condition": [{"opt": "always", "param": "", "val": []}]}]}, "error": {"asrEmpty": {"errType": "default", "errMsg": []}, "nluEmpty": {"errType": "default", "errMsg": []}}}, "音量调到最小": {"input": [], "output": {"widgetName": "widght_progressbar", "param": {"volume": "0", "intent": "音量调到最小", "duiWidget": "custom"}, "dataFrom": "native", "api": "settings.volume.set", "duiWidget": "custom", "response": [{"nextIntent": [], "runSequence": "nlgFirst", "command": "", "nlg": [{"slot": 0, "content": [{"text": "音量已调到最小"}]}], "recommendations": [], "condition": [{"opt": "equal", "param": "$extra.settings_volume_status$", "val": ["0"]}]}, {"nextIntent": [], "runSequence": "nlgFirst", "command": "", "nlg": [], "recommendations": [], "condition": [{"opt": "always", "param": "", "val": []}]}]}, "error": {"asrEmpty": {"errType": "default", "errMsg": []}, "nluEmpty": {"errType": "default", "errMsg": []}}}}, "移动网络": {"关闭移动网络": {"input": [], "output": {"dataFrom": "empty", "widgetName": "default", "response": [{"nextIntent": [], "runSequence": "nlgFirst", "command": "settings.mobilenetwork.close", "nlg": [{"slot": 0, "content": [{"text": "抱歉，无法为您直接关闭移动网络，已为您跳转至系统设置界面"}]}], "recommendations": [], "condition": [{"opt": "always", "param": "", "val": []}]}], "duiWidget": "text"}, "error": {"asrEmpty": {"errType": "default", "errMsg": []}, "nluEmpty": {"errType": "default", "errMsg": []}}}, "打开移动网络": {"input": [], "output": {"dataFrom": "empty", "widgetName": "default", "response": [{"nextIntent": [], "runSequence": "nlgFirst", "command": "settings.mobilenetwork.open", "nlg": [{"slot": 0, "content": [{"text": "抱歉，无法为您直接打开移动网络，已为您跳转至系统设置界面"}]}], "recommendations": [], "condition": [{"opt": "always", "param": "", "val": []}]}], "duiWidget": "text"}, "error": {"asrEmpty": {"errType": "default", "errMsg": []}, "nluEmpty": {"errType": "default", "errMsg": []}}}}, "旋转": {"打开旋转": {"input": [], "output": {"widgetName": "default", "param": {"intent": "打开旋转", "duiWidget": "text"}, "dataFrom": "native", "api": "settings.rotate.open", "duiWidget": "text", "response": [{"nextIntent": [], "runSequence": "nlgFirst", "command": "", "nlg": [{"slot": 0, "content": [{"text": "旋转已打开"}]}], "recommendations": [], "condition": [{"opt": "equal", "param": "$extra.settings_rotate_status$", "val": [1]}]}, {"nextIntent": [], "runSequence": "nlgFirst", "command": "", "nlg": [{"slot": 0, "content": [{"text": "打开旋转失败"}]}], "recommendations": [], "condition": [{"opt": "equal", "param": "$extra.settings_rotate_status$", "val": [0]}]}, {"nextIntent": [], "runSequence": "nlgFirst", "command": "", "nlg": [{"slot": 0, "content": [{"text": "旋转已打开"}]}], "recommendations": [], "condition": [{"opt": "always", "param": "", "val": []}]}]}, "error": {"asrEmpty": {"errType": "default", "errMsg": [{"slot": 0, "content": [{"text": "我听不懂你说什么，可以换个说法吗"}]}]}, "nluEmpty": {"errType": "default", "errMsg": [{"slot": 0, "content": [{"text": "我听不懂你说什么，可以换个说法吗"}]}]}}}, "关闭旋转": {"input": [], "output": {"widgetName": "default", "param": {"intent": "关闭旋转", "duiWidget": "text"}, "dataFrom": "native", "api": "settings.rotate.close", "duiWidget": "text", "response": [{"nextIntent": [], "runSequence": "nlgFirst", "command": "", "nlg": [{"slot": 0, "content": [{"text": "旋转已关闭"}]}], "recommendations": [], "condition": [{"opt": "equal", "param": "$extra.settings_rotate_status$", "val": [1]}]}, {"nextIntent": [], "runSequence": "nlgFirst", "command": "", "nlg": [{"slot": 0, "content": [{"text": "关闭旋转失败"}]}], "recommendations": [], "condition": [{"opt": "equal", "param": "$extra.settings_rotate_status$", "val": [0]}]}, {"nextIntent": [], "runSequence": "nlgFirst", "command": "", "nlg": [{"slot": 0, "content": [{"text": "旋转已关闭"}]}], "recommendations": [], "condition": [{"opt": "always", "param": "", "val": []}]}]}, "error": {"asrEmpty": {"errType": "default", "errMsg": []}, "nluEmpty": {"errType": "default", "errMsg": []}}}}, "热点": {"关闭热点": {"input": [], "output": {"dataFrom": "empty", "widgetName": "default", "response": [{"nextIntent": [], "runSequence": "nlgFirst", "command": "settings.hotspot.close", "nlg": [{"slot": 0, "content": [{"text": "好的，热点已关闭"}]}], "recommendations": [], "condition": [{"opt": "always", "param": "", "val": []}]}], "duiWidget": "text"}, "error": {"asrEmpty": {"errType": "default", "errMsg": []}, "nluEmpty": {"errType": "default", "errMsg": []}}}, "打开热点": {"input": [], "output": {"dataFrom": "empty", "widgetName": "default", "response": [{"nextIntent": [], "runSequence": "nlgFirst", "command": "settings.hotspot.open", "nlg": [{"slot": 0, "content": [{"text": "抱歉，无法为您直接打开个人热点，已为您跳转至个人热点界面"}]}], "recommendations": [], "condition": [{"opt": "always", "param": "", "val": []}]}], "duiWidget": "text"}, "error": {"asrEmpty": {"errType": "default", "errMsg": []}, "nluEmpty": {"errType": "default", "errMsg": []}}}}, "GPS": {"打开GPS": {"input": [], "output": {"dataFrom": "empty", "widgetName": "default", "response": [{"nextIntent": [], "runSequence": "nlgFirst", "command": "settings.gps.open", "nlg": [{"slot": 0, "content": [{"text": "抱歉，无法为您直接打开GPS，已为您跳转至GPS设置界面"}]}], "recommendations": [], "condition": [{"opt": "always", "param": "", "val": []}]}], "duiWidget": "text"}, "error": {"asrEmpty": {"errType": "default", "errMsg": []}, "nluEmpty": {"errType": "default", "errMsg": []}}}, "关闭GPS": {"input": [], "output": {"dataFrom": "empty", "widgetName": "default", "response": [{"nextIntent": [], "runSequence": "nlgFirst", "command": "settings.gps.close", "nlg": [{"slot": 0, "content": [{"text": "抱歉，无法为您直接关闭GPS，已为您跳转至GPS设置界面"}]}], "recommendations": [], "condition": [{"opt": "always", "param": "", "val": []}]}], "duiWidget": "text"}, "error": {"asrEmpty": {"errType": "default", "errMsg": []}, "nluEmpty": {"errType": "default", "errMsg": []}}}}}, "config": {"isFallback": false}}