{"tasks": {"灯效": {"选择": {"input": [{"isRequired": 0, "refName": "#list#", "name": "list", "entity": "list"}], "output": {"dataFrom": "empty", "widgetName": "default", "response": [{"nextIntent": ["控制", "切换", "选择"], "runSequence": "nlgFirst", "command": "device_light?list=#list#", "nlg": [], "recommendations": [], "condition": [{"opt": "always", "param": "", "val": []}]}], "duiWidget": "text"}, "error": {"asrEmpty": {"errType": "default", "errMsg": [{"slot": 0, "content": [{"text": "我听不懂你说什么，可以换个说法吗"}]}]}, "nluEmpty": {"errType": "default", "errMsg": [{"slot": 0, "content": [{"text": "我听不懂你说什么，可以换个说法吗"}]}]}}}, "控制": {"input": [{"isRequired": 0, "refName": "#action#", "name": "action", "entity": "action"}, {"isRequired": 0, "refName": "#sys.技能操作词#", "name": "sys.技能操作词", "entity": "sys.技能操作词"}, {"isRequired": 0, "refName": "#sys.技能调用名#", "name": "sys.技能调用名", "entity": "sys.技能调用名"}, {"isRequired": 0, "refName": "#sys.技能输入#", "name": "sys.技能输入", "entity": "sys.any任意文本"}], "output": {"dataFrom": "empty", "widgetName": "default", "response": [{"nextIntent": ["控制", "切换", "选择"], "runSequence": "nlgFirst", "command": "device_light?action=#action#", "nlg": [], "recommendations": [], "condition": [{"opt": "always", "param": "", "val": []}]}], "duiWidget": "text"}, "error": {"asrEmpty": {"errType": "default", "errMsg": [{"slot": 0, "content": [{"text": "我听不懂你说什么，可以换个说法吗"}]}]}, "nluEmpty": {"errType": "default", "errMsg": [{"slot": 0, "content": [{"text": "我听不懂你说什么，可以换个说法吗"}]}]}}}, "切换": {"input": [{"isRequired": 0, "refName": "#change#", "name": "change", "entity": "change"}], "output": {"dataFrom": "empty", "widgetName": "default", "response": [{"nextIntent": ["控制", "切换", "选择"], "runSequence": "nlgFirst", "command": "device_light?change=#change#", "nlg": [], "recommendations": [], "condition": [{"opt": "always", "param": "", "val": []}]}], "duiWidget": "text"}, "error": {"asrEmpty": {"errType": "default", "errMsg": [{"slot": 0, "content": [{"text": "我听不懂你说什么，可以换个说法吗"}]}]}, "nluEmpty": {"errType": "default", "errMsg": [{"slot": 0, "content": [{"text": "我听不懂你说什么，可以换个说法吗"}]}]}}}}, "投影": {"投影": {"input": [{"isRequired": 0, "refName": "#action#", "name": "action", "entity": "action"}], "output": {"dataFrom": "empty", "widgetName": "default", "response": [{"nextIntent": ["投影"], "runSequence": "nlgFirst", "command": "device_shadow?action=#action#", "nlg": [], "recommendations": [], "condition": [{"opt": "always", "param": "", "val": []}]}], "duiWidget": "text"}, "error": {"asrEmpty": {"errType": "default", "errMsg": [{"slot": 0, "content": [{"text": "我听不懂你说什么，可以换个说法吗"}]}]}, "nluEmpty": {"errType": "default", "errMsg": [{"slot": 0, "content": [{"text": "我听不懂你说什么，可以换个说法吗"}]}]}}}}, "空调": {"mode": {"input": [{"isRequired": 0, "refName": "#mode#", "name": "mode", "entity": "mode"}], "output": {"dataFrom": "empty", "widgetName": "default", "response": [{"nextIntent": ["mode", "wind", "temperature"], "runSequence": "nlgFirst", "command": "device_air?mode=#mode#", "nlg": [{"slot": 1, "content": [{"text": "执行命令#mode#"}]}], "recommendations": [], "condition": [{"opt": "always", "param": "", "val": []}]}], "duiWidget": "text"}, "error": {"asrEmpty": {"errType": "default", "errMsg": [{"slot": 0, "content": [{"text": "我听不懂你说什么，可以换个说法吗"}]}]}, "nluEmpty": {"errType": "default", "errMsg": [{"slot": 0, "content": [{"text": "我听不懂你说什么，可以换个说法吗"}]}]}}}, "wind": {"input": [{"isRequired": 0, "refName": "#wind#", "name": "wind", "entity": "wind"}], "output": {"dataFrom": "empty", "widgetName": "default", "response": [{"nextIntent": ["mode", "wind", "temperature"], "runSequence": "nlgFirst", "command": "device_air?wind=#wind#", "nlg": [{"slot": 1, "content": [{"text": "执行命令#wind#"}]}], "recommendations": [], "condition": [{"opt": "always", "param": "", "val": []}]}], "duiWidget": "text"}, "error": {"asrEmpty": {"errType": "default", "errMsg": [{"slot": 0, "content": [{"text": "我听不懂你说什么，可以换个说法吗"}]}]}, "nluEmpty": {"errType": "default", "errMsg": [{"slot": 0, "content": [{"text": "我听不懂你说什么，可以换个说法吗"}]}]}}}, "temperature": {"input": [{"isRequired": 0, "refName": "#temperature#", "name": "temperature", "entity": "temperature"}], "output": {"dataFrom": "empty", "widgetName": "default", "response": [{"nextIntent": ["mode", "wind", "temperature"], "runSequence": "nlgFirst", "command": "device_air?temperature=#temperature#", "nlg": [{"slot": 1, "content": [{"text": "执行命令#temperature#"}]}], "recommendations": [], "condition": [{"opt": "always", "param": "", "val": []}]}], "duiWidget": "text"}, "error": {"asrEmpty": {"errType": "default", "errMsg": [{"slot": 0, "content": [{"text": "我听不懂你说什么，可以换个说法吗"}]}]}, "nluEmpty": {"errType": "default", "errMsg": [{"slot": 0, "content": [{"text": "我听不懂你说什么，可以换个说法吗"}]}]}}}}, "休眠": {"休眠": {"input": [{"isRequired": 0, "refName": "#rest#", "name": "rest", "entity": "rest"}], "output": {"dataFrom": "empty", "widgetName": "default", "response": [{"nextIntent": [], "runSequence": "nlgFirst", "command": "device_rest?rest=#rest#", "nlg": [{"slot": 0, "content": [{"text": "好的，再见"}]}], "recommendations": [], "condition": [{"opt": "always", "param": "", "val": []}]}], "duiWidget": "text"}, "error": {"asrEmpty": {"errType": "default", "errMsg": [{"slot": 0, "content": [{"text": "我听不懂你说什么，可以换个说法吗"}]}]}, "nluEmpty": {"errType": "default", "errMsg": [{"slot": 0, "content": [{"text": "我听不懂你说什么，可以换个说法吗"}]}]}}}}, "求救": {"救命信息": {"input": [{"isRequired": 0, "refName": "#help#", "name": "help", "entity": "help"}], "output": {"dataFrom": "empty", "widgetName": "default", "response": [{"nextIntent": [], "runSequence": "nlgFirst", "command": "device_help?help=#help#", "nlg": [], "recommendations": [], "condition": [{"opt": "always", "param": "", "val": []}]}], "duiWidget": "text"}, "error": {"asrEmpty": {"errType": "default", "errMsg": [{"slot": 0, "content": [{"text": "我听不懂你说什么，可以换个说法吗"}]}]}, "nluEmpty": {"errType": "default", "errMsg": [{"slot": 0, "content": [{"text": "我听不懂你说什么，可以换个说法吗"}]}]}}}}, "电池": {"电量查询": {"input": [{"isRequired": 0, "refName": "#seach#", "name": "seach", "entity": "seach"}], "output": {"dataFrom": "empty", "widgetName": "default", "response": [{"nextIntent": [], "runSequence": "nlgFirst", "command": "device_battery?seach=#seach#", "nlg": [], "recommendations": [], "condition": [{"opt": "always", "param": "", "val": []}]}], "duiWidget": "text"}, "error": {"asrEmpty": {"errType": "default", "errMsg": [{"slot": 0, "content": [{"text": "我听不懂你说什么，可以换个说法吗"}]}]}, "nluEmpty": {"errType": "default", "errMsg": [{"slot": 0, "content": [{"text": "我听不懂你说什么，可以换个说法吗"}]}]}}}}}, "config": {"isFallback": false}}